TIPO ,SERIE,NUMERO,NOMBRE,AÑO,MEDIDAS,PESO,DESCRIPCION,Precio U$S,ESTADO,DESTINATARIO,TECNICA,VIDEO
OBRAS AÑO,2018,0001,Refugiados,2018,"Ancho: 45 cm  Alto: 48 cm, Fondo: 13 cm. ",2 Kg,"
“Refugiados”, seleccionada por el equipo curatorial del Museo de Arte Moderno de 
Buenos Aires para la plataforma de Galicia Online Banking

Atrapados en un silencio, 
enlazan sus historias.
El dolor de la huida 
los pone a rumiar 
ecos de voces doradas.
La angustia se multiplica 
en las miradas.
Se desencuentran 
en identidades confundidas.
Entre sueños retornan...
Refugiados en sus cuerpos, 
se desmoronan y se alzan,
 lloran y ríen, 
ensayan una salida:
la llegada.

Graciela Neira Lage",USD 350,V,Marcela Ospital,"Técnicas mixtas: ensamblado, tallado y escultura",
OBRAS AÑO,2018,0002,La colina de la Vida,2018,"Ancho: 56 cm, Alto: 91 cm, Fondo: 32 cm. ","3,8 kg","Atrapados Deambulan uno tras otro,
y todos a la vez.
Se rozan, se huelen,
superponen sus lenguas,
se cruzan y se enredan.
Los pies en la tierra,
y el alma en búsqueda
                                de la colina.
En la colina el aire 
es otro; la luz abriga 
y la sombra protege.
En la colina 
moran los sabios,
en las altas ramas
junto a las aves.
En la colina
el viento se aquieta.
Las risas murmuran
y se hacen canto.
En la colina
se ve completo
el tablero y
                 Las infinitas jugadas.
Allí está,
          t ras el telón,
                         la colina de la vida…

          Graciela Neira Lage

",USD 600,D,Donada Museo Raggio,"Técnicas mixtas: ensamblado, tallado y escultura",https://youtube.com/shorts/RflqMFlG2NE?feature=share
OBRAS AÑO,2018,0003,Camino a Lampedusa,2018,"Ancho: 60 cm, Alto: 54 cm,  Fondo: 12 cm. ",4 kg,"“Son hombres y mujeres como nosotros, hermanos que buscan una vida mejor; hambrientos, perseguidos, heridos, explotados, víctimas de guerras… Hombres y mujeres como nosotros. Buscaban la felicidad”.               Francisco, ante los naufragios en el Mediterraneo",USD 300,D,Nani Cogorno    Mar de las Pampas,"Técnicas mixtas: ensamblado, tallado y escultura",
OBRAS AÑO,2018,0004,Solo con mi perro,2018,"Ancho: 42 cm, Alto: 35 cm,  Fondo: 15cm. ","0,950 kg",,USD 150,V,Maite Maz,"Técnicas mixtas: ensamblado, tallado y escultura",
OBRAS AÑO,2018,0005,Susto,2018,"Ancho: 30 cm, Alto: 25 cm,  Fondo: 15 cm","0,650 kg",,USD 100,V,Alicia Lazcano BADA ,"Técnicas mixtas: ensamblado, tallado y escultura",
OBRAS AÑO,2019,0006,La mano protectora,2019,"Ancho: 52 cm, Alto: 52 cm, Fondo: 20 cm",6 kg,"Algunos  la sienten, otros no. 
Algunos la invocan, otros no.
Algunos se preguntan, otros no.
¡Allí está! 
En la cultura,
en el lenguaje,
en la historia.
¿Qué es verdad?  
¿Qué es fantasía?  
¡Fantasía es realidad!  
Aunque la verdad
goce de otro prestigio,
y sea protagonista 
de tanto discurso.
La realidad se sostiene
en una mano protectora,
que actúa con sigilo:
la protección a sus espaldas,
ellos de cara al horizonte,
miran y esperan.
Hay quienes avanzan,
hay quienes se detienen,
están los que se abrazan,
reposan, hallan la calma.
Y unos pocos Aventureros
escalaron a la cima.
Allí no hay duda,
                      allí se sabe.

      Graciela Neira Lage
",USD 600,V,Galería Caracoles - Jose Ignacio,"Técnicas mixtas: ensamblado, tallado y escultura",
OBRAS AÑO,2019,0007,En el barco,2019,"Ancho: 49 cm, Alto: 68 cm, Fondo: 18 cm. ",26 kg,"“En el Barco”, seleccionada por el Fondo Nacional de las Artes para exponerla en el Museo de Arte Popular José Hernández (MAP)

Reconocimiento  a Carola Rackete, y el barco alemán Sea Watch, que  atracó con 40 migrantes a bordo en el puerto italiano de Lampedusa, desafiando la prohibición de las autoridades después de estar en el mar durante más de dos semanas. Carola Rackete, de 31 años, capitana de la embarcación, fue posteriormente detenida por la policía italiana, cuyo servicio de aduanas había impedido en varias ocasiones que el barco atracara.
",USD 1.200, , ,"Técnicas mixtas: ensamblado, tallado y escultura",https://youtube.com/shorts/RflqMFlG2NE?feature=share
OBRAS AÑO,2019,0008,El Estadio Nacional de Santiago,2019,"Ancho: 92 cm , Alto: 68 cm, Fondo: 17 cm.",10 kg,"""El olvido está lleno de memoria"",  Mario Benedetti  dice:,  ""El olvido es un gran simulacro repleto de fantasmas. Nadie puede olvidar, aunque así lo quiera. El olvido no es un depósito desierto, ni una cosecha de la nada: el amor, el desamparo, las lealtades y las traiciones no se borran."" ",USD 200,V,Dolores - San Isidro,"Técnicas mixtas: ensamblado, tallado y escultura",
OBRAS AÑO,2019,0009,Cheuquepan,2019,"Ancho: 45 cm, Alto: 58 cm, Fondo: 12 cm.  ","4,8 kg","Cheuquepan, ""la gente que se convirtió en puma o el puma que se convirtió en gente"", según creencias Mapuches,  quienes dicen que las familias vienen de un elemento particular de la naturaleza (Kumpeñ), a la cual regresan después de la muerte. ",USD 350,V,Adriana Gerzonswit visky ,"Técnicas mixtas: ensamblado, tallado y escultura",
OBRAS AÑO,2019,0010,Protegidos por el viento,2019,"Ancho: 50 cm, Alto: 60 cm, Fondo: 10 cm.",3 kg,"El viento es un caballo:
óyelo cómo corre
por el mar, por el cielo.
Quiere llevarme: escucha
cómo recorre el mundo
para llevarme lejos. 

Pablo Neruda
",USD 250,V,Claudia Rosales Hijo CNN,"Técnicas mixtas: ensamblado, tallado y escultura",
OBRAS AÑO,2019,0011,La muerte y    La Vida,2019,"Ancho: 70cm, Alto: 150 cm, Fondo: 30 cm",15 kg,"En esos ojos ciegos de espanto
En esas bocas abiertas
En esos cuerpos fantasmales

Habita sin embargo
La pulsión vital
De volver de los infiernos
De derrotar al olvido
De renacer

Juan Pablo Trombetta",USD 2.200, ,,"Técnicas mixtas: ensamblado, tallado y escultura",https://youtu.be/jS6kfcAch50
OBRAS AÑO,2019,0012,La Manada,2019,"Ancho: 70 cm, Alto: 58 cm, Fondo: 18 cm. ",5 kg.,"Una manada de lobos: los primeros  son los viejos o enfermos, quienes dan el ritmo a toda la manada. Si fuera al revés, serían dejados atrás, perdiendo el contacto con la manada. En caso de una emboscada ellos serían sacrificados. Luego siguen los FUERTES, en la línea del frente. En el centro está el resto de los miembros de la manada, luego de el último va solo, el alfa. Él lo controla todo desde la parte trasera. En esa posición puede verlo todo, decidir la dirección. Él ve a todos los de la manada. La manada se mueve según el ritmo de los ancianos y ayudándose el uno al otro y cuidándose el uno al otro.
",USD 500,, ,"Técnicas mixtas: ensamblado, tallado y escultura",
OBRAS AÑO,2019,0013,La Banda de Jazz,2019,"Ancho:44 cm, Alto: 50 cm, Fondo: 22 cm.    .",4 kg.,"JAZZ-BAND
Ritmo cortado. 
Luces vibrantes.
Campanas histéricas. 
Astros fulminantes.
Erotismos. 
Licores rebosantes.
Juego de niños. 
Acordes delirantes.
Jazz-band. 
Rascacielos. 
Diáfanos cristales.
Exóticos murmullos.
Quejido de metales.

Concha Mendez
",USD 500,D,Viviana Koldorf ,"Técnicas mixtas: ensamblado, tallado y escultura",
OBRAS AÑO,2019,0014,Los 44 del San Juan,2019,"Ancho: 50 cm, Alto: 60 cm, Fondo: 10 cm.", 3 kg,"Homenaje a los 44 héroes del submarino argentino ARA San Juan, hundido en las profundidades del Océano Atlantico.  ",USD 300,D,Jorge Alberto Acuña  CABA,"Técnicas mixtas: ensamblado, tallado y escultura",
OBRAS AÑO,2019,0015,El Pelícano,2019,"Ancho: 32 cm, Alto: 40 cm, Fondo: 11 cm ",1.7 Kg.,,USD 150,D,Elis                    CABA,"Técnicas mixtas: ensamblado, tallado y escultura",
OBRAS AÑO,2019,0016,Esperando,2019,"Ancho: 22 cm, Alto: 49 cm, Fondo: 9 cm",1.1 Kg.  ,,USD 100,V,Galería FO Objetos y Teorías,"Técnicas mixtas: ensamblado, tallado y escultura",
OBRAS AÑO,2019,0017,Los de Atrás,2019,"Ancho: 40 cm, Alto: 45 cm, Fondo:10 cm ",1.7 Kg. ,Doble Faz,USD 150,V,Galería FO Objetos y Teorías,"Técnicas mixtas: ensamblado, tallado y escultura",
OBRAS AÑO,2019,0018,Juntos,2019,"Ancho: 62 cm, Alto: 33 cm, Fondo:8 cm",1.8 Kg,,USD 180,V,Monica Tucuman,"Técnicas mixtas: ensamblado, tallado y escultura",
OBRAS AÑO,2019,0019,Amigo,2019,"Ancho: 31 cm, Alto: 33 cm, Fondo:12 c",1.5 Kg.  , ,USD 150,D,Aurelia  CABA,"Técnicas mixtas: ensamblado, tallado y escultura",
OBRAS AÑO,2019,0020,La Familia,2019,"Ancho: 44 cm, Alto: 34 cm, Fondo: 6 cm","1.3 Kg.   
",,USD 240,D, Tony Postolivo - Mar Azul,"Técnicas mixtas: ensamblado, tallado y escultura",
OBRAS AÑO,2019,0021,El Fuerte,2019,"Ancho: 30 cm, Alto: 80 cm, Fondo: 35 cm","8 Kg.    
", ,USD 375,C,?,"Técnicas mixtas: ensamblado, tallado y escultura",
OBRAS AÑO,2019,0022,Huelga,2019,"Ancho: 53 cm, Alto:55 cm, Fondo: 16 cm", 5 Kg.    ,"Las manos en alto,
las bocas abiertas,
los troncos exaltados, 
las piernas en pisoteo. 
¡Tanta energía derramada! 
La ventana de la fábrica 
continúa cerrada.
La incomodidad no basta 
para derrotar la impunidad. 
Las fuerzas se agotan
ante la indiferencia
Poderes ocultos se enlazan. 
La ventana de la fábrica 
continúa cerrada
 
Los gritos del reclamo 
inauguran un diálogo otro. 
El reclamo justo cae 
en manos del deshonesto. 
La ventana de la fábrica crujiendo se abre.
Las mentiras
              los acaricia. 
Y cuando la ventana 
se cierra,
             las mandíbulas caen.


Graciela Neira Lage
",USD 330,V, Diego Prigollini IG,"Técnicas mixtas: ensamblado, tallado y escultura",
OBRAS AÑO,2019,0023,La Voz de la Conciencia,2019,"Ancho: 30 cm, Alto:81 cm, Fondo: 10 cm",5 Kg.   ,"Complejo engranaje
de imperfecciones perfectas.
Rostros y cuerpos
                   se escudan.
Laberinto que se burla 
de toda inteligencia. 
Un nadie
        mira de reojo,
y con su cuerpo de martillo
                       ¡aplasta!
Alguien desde abajo 
se asoma,
        ve y calla. 
Se queda en su cueva.
Entidades amontonadas
en su refugio fallido, 
lanzan sus gritos
                         agujereados.

 
Gritos que se suman, 
se agolpan
         ¡quieren nacer!
En las tinieblas
una barrera se alza, 
todos se lanzan, 
algunos pasan.
Los que llegan a Ella, disfrutan el remanso. 
La conciencia les presta
                   su voz.
Los nombra
           y los hace ser.
  

Graciela Neira Lage
",USD 440,, ,"Técnicas mixtas: ensamblado, tallado y escultura",
OBRAS AÑO,2019,0024,Familia I,2019,"Ancho: 25 cm, Alto: 35 cm, Fondo: 9 cm","400 g.
  ",,USD 120,D,Nestor Salama  CABA,"Técnicas mixtas: ensamblado, tallado y escultura",
OBRAS AÑO,2019,0025,Familia II,2019,"Ancho: 18 cm, Alto:37 cm, Fondo: 8 cm","1.1Kg.
",,USD 70,D,"Jofre, Pintor","Técnicas mixtas: ensamblado, tallado y escultura",
OBRAS AÑO,2019,0026,Memoria,2019,"Ancho: 88 cm, Alto:72 cm, Fondo: 19 cm.","9 Kg.
",,USD 400,V,Diego Prigollini,"Técnicas mixtas: ensamblado, tallado y escultura",
OBRAS AÑO,2020,0027,Druidas ,2020,"Ancho: 24 cm, Alto:56 cm, Fondo: 17 cm.","3 Kg.
",,USD 200,,,"Técnicas mixtas: ensamblado, tallado y escultura",
OBRAS AÑO,2020,0028,El Volcán,2020,"Ancho: 22 cm, Alto:48 cm, Fondo: 10 cm. 
 Peso : 1.1 Kg. ","3 Kg.
",,USD 150,V,NOEMI  150.000,"Técnicas mixtas: ensamblado, tallado y escultura",
OBRAS AÑO,2020,0029,Escaleras hacia …,2020,"Ancho : 26 cm, Alto: 90 cm, Fondo: 26 cm.  Peso: 7kg",7 kg.,"Cada peldaño se hace mirador.
Los cuerpos a distancia.
Los rostros suspendidos.
Pisadas fuertes,
temerosas, esperanzadas,
decepcionadas, animadas.
El ascenso trae el peso
      de lo andado.
El horizonte es el abismo,
el soporte: la columna,
el impulso: la ilusión.
Conviven percepciones,
en silencios hacia…
La fatiga los pone
  a hablar…
Las voces se confunden,
y entre nieblas ascienden.
Arriba los esperan.
Van llegando,
  a tiempo.
Al tiempo propio,
ese que se esfuma
en la cima.
La dimensión es otra,
desconocida.
Los sin nombre los reciben.
A cada cual
  su llave.
Para hallar su puerta
entre las nuevas-milenarias
                                              maderas.
De madera son,
allí retornan,
allí serán:
                                      en la eternidad.

            Graciela Neira Lage











",USD 400, , ,"Técnicas mixtas: ensamblado, tallado y escultura",
OBRAS AÑO,2020,0031,Rastafari,2020,"Ancho: 52 cm, Alto:82 cm, Fondo: 10 cm. 
",1.2 kg. ????,VER EL ALTO,USD 300,D,Regalada Jorge,"Técnicas mixtas: ensamblado, tallado y escultura",
OBRAS AÑO,2020,0032,En mi cabeza,2020,"Ancho: 47 cm, Alto:67 cm, Fondo: 12 cm. ","5 Kg.
  ",,USD 380, , ,"Técnicas mixtas: ensamblado, tallado y escultura",
OBRAS AÑO,2020,0033,Pasado y Presente,2020,"Ancho: 30 cm, Alto:24 cm, Fondo: 9 cm. ","600 g.
  ",,USD 85,D,Dirección de  Cultura  - Laprida,"Técnicas mixtas: ensamblado, tallado y escultura",
OBRAS AÑO,2020,0034,Fiesta,2020,"Ancho: 117 cm, Alto:77 cm, Fondo: 16 cm.",10 Kg.,,USD 1.200,, ,"Técnicas mixtas: ensamblado, tallado y escultura",
OBRAS AÑO,2020,0035,Mis Monstruos,2020,"Ancho: 45 cm, Alto: 30 cm, Fondo: 16 cm. ",1.2 kg.,,USD 140,D,Graciela Neira  CABA,"Técnicas mixtas: ensamblado, tallado y escultura",
OBRAS AÑO,2020,0036,A la deriva,2020,Ancho: 67 cm Alto:46 cm Fondo: 20 cm ,"5 Kg.
  ",,USD 520,C,Galería Caracoles - Jose Ignacio,"Técnicas mixtas: ensamblado, tallado y escultura",
OBRAS AÑO,2020,0037,Cuarentena,2020,Ancho: 55 cm   Alto : 70 cm   Fondo: 16 cm,"11 Kg.
  ","Familia en cuarentena por el COVID-19, mirando por la ventana",USD 340, ,,"Técnicas mixtas: ensamblado, tallado y escultura",
OBRAS AÑO,2020,0038,Con nuestro Ancestro,2020,Ancho: 28 cm    Alto : 28 cm   Fondo: 22 cm.,2 Kg.,,USD 140,,,"Técnicas mixtas: ensamblado, tallado y escultura",
OBRAS AÑO,2020,0039,Tierra Prometida,2020,Ancho: 33 cm   Alto : 66 cm   Fondo: 13 cm,4 Kg.,,USD 220,V,Moka Moss,"Técnicas mixtas: ensamblado, tallado y escultura",
OBRAS AÑO,2020,0040,Distanciamiento,2020,Ancho: 100 cm   Alto : 52 cm   Fondo: 14 cm,"8 Kg.    
",,USD 280,D,,"Técnicas mixtas: ensamblado, tallado y escultura",
OBRAS AÑO,2020,0041,King,2020,"Ancho: 60 cm, Alto:55 cm, Fondo: 16 cm",5.5 kg,,USD 520,C,Galería Caracoles - Jose Ignacio,"Técnicas mixtas: ensamblado, tallado y escultura",
OBRAS AÑO,2020,0042,A salvo,2020,Ancho: 29 cm   Alto : 67 cm    Fondo: 17 cm,2.2 Kg.,,USD 250,,,"Técnicas mixtas: ensamblado, tallado y escultura",
OBRAS AÑO,2020,0043,Raices,2020,Ancho: 46 cm   Alto : 72 cm    Fondo: 20 cm,5 Kg.,,USD 370, ,,"Técnicas mixtas: ensamblado, tallado y escultura",
OBRAS AÑO,2021,0044,Navegando al Futuro,2021,Ancho: 45 cm Alto: 54 cm Fondo: 23 cm ,3.1 Kg,,USD 350,C,Bertuzzi Atelier,"Técnicas mixtas: ensamblado, tallado y escultura",
OBRAS AÑO,2020,0045,Familia III,2020,Ancho: 22 cm Alto:43 cm Fondo: 8 cm,1.1 kg  ,,USD 100,D,Marcelo Zilenczi  Vte. López,"Técnicas mixtas: ensamblado, tallado y escultura",
OBRAS AÑO,2020,0046,Familia III-A,2020,Ancho: 20 cm Alto:65 cm Fondo: 7 cm.,1 kg  ,,USD 80,V,Facundo Zarabia,"Técnicas mixtas: ensamblado, tallado y escultura",
OBRAS AÑO,2021,0047,Familia IV,2021,Ancho: 16 cm Alto:48 cm Fondo: 11 cm.," 
2 kg.",,USD 110, , ,"Técnicas mixtas: ensamblado, tallado y escultura",
OBRAS AÑO,2021,0048,Familia V,2021,Ancho: 22 cm Alto:32 cm Fondo: 8 cm.,450 g.,,USD 80,V,Marina,"Técnicas mixtas: ensamblado, tallado y escultura",
OBRAS AÑO,2021,0049,Familia VI,2021,Ancho: 20 cm Alto:34 cm Fondo: 10 cm. ,"600 g.
  ",,USD 80,V,"Guillermina, TETE","Técnicas mixtas: ensamblado, tallado y escultura",
OBRAS AÑO,2021,0050,Familia VII,2021,Ancho: 16 cm Alto:26 cm Fondo: 9 cm.,320 g.,,USD 65,V,Gustavo Gabilondo,"Técnicas mixtas: ensamblado, tallado y escultura",
OBRAS AÑO,2021,0051,Otra Oportunidad,2021,Ancho: 120 cm Alto: 220 cm Fondo: 35 cm.,35 Kg.,"Esta obra nace de lo descartado: maderas erosionadas, troncos y objetos, fragmentos de un pasado olvidado que el río devuelve como testigos mudos del tiempo. Con ellos toma forma un grupo de refugiados: figuras detenidas en la espera, cargando historias de pérdida, de huida, pero también de esperanza.

“Otra Oportunidad” es un homenaje a quienes se ven forzados a dejarlo todo en busca de lo esencial: seguridad, dignidad, futuro. Desde aquello que otros desecharon, emerge esta escena como símbolo de resiliencia y reconstrucción. Así como los materiales encontraron una nueva vida en esta obra, cada persona que migra anhela también eso: una nueva oportunidad.
",USD 5.000,,Jorge Acuña,"Técnicas mixtas: ensamblado, tallado y escultura",https://www.youtube.com/watch?v=fY1AbM1BkcY
OBRAS AÑO,2021,0052,La calesita de la vida,2021,Ancho: 25 cm Alto: 35 cm Fondo: 25 cm.,5kg,"La calesita de la vida
Cuando encontré en la costa del Río un pedazo de bobina oxidada de un viejo motor, lo primero que se me vino a la ment fué una calesita. Al comenzar su armado, creando nuevos personajes a su alrededor, descubrí entre mis cosas un volante de una antigua esclusa que encontré en una playa de la Isla Martín Garcia, en un viaje que hice 50 años después de haber vivido allí en mi infancia, a fines de los 60.  Me parreció adecuado adaptarlo a mi calesita, ya que simbolizaba para mi las vueltas de la vida, que cada tanto nos reencuentran con nuestro pasado. ",USD 230,V," Jorge Lantos , Cuñado Prigollini","Técnicas mixtas: ensamblado, tallado y escultura",
OBRAS AÑO,2021,0053,Saliendo a flote,2021,Ancho:85 cm Alto: 90 cm Fondo:12 cm.,5kg,A,USD 750,, ,"Técnicas mixtas: ensamblado, tallado y escultura",
OBRAS AÑO,2021,0054, Los Olvidados,2021,Ancho:34 cm Alto: 60 cm Fondo:22 cm ,10 Kg., ,USD 400,C,Galería Caracoles - Jose Ignacio,"Técnicas mixtas: ensamblado, tallado y escultura",
OBRAS AÑO,2021,0055,Familia VIII,2021,Ancho:30 cm Alto: 41 cm Fondo:13 cm ,2 Kg, ,USD 110,V,WHATS CHACU Alejandra 21_11_21,"Técnicas mixtas: ensamblado, tallado y escultura",
OBRAS AÑO,2021,0056, Familia IX,2021,Ancho:20 cm Alto: 37 cm Fondo:10 cm , 2 Kg., ,USD 80,V,Marina,"Técnicas mixtas: ensamblado, tallado y escultura",
OBRAS AÑO,2021,0057, Familia X,2021,Ancho: 30 cm Alto: 38 cm Fondo:11 cm ,1.5 Kg.  , ,USD 90,D,Julio Spinelli,"Técnicas mixtas: ensamblado, tallado y escultura",
OBRAS AÑO,2021,0058, Familia XI,2021,Ancho:37 cm Alto: 47 cm Fondo:13 cm ,1.8 Kg, ,USD 120,V,XXXX,"Técnicas mixtas: ensamblado, tallado y escultura",
OBRAS AÑO,2022,0059, Familia XII,2022,"Ancho:29 cm    Alto: 33 cm     Fondo:8 cm    
","1.3 Kg.   
", ,USD 80, , ,"Técnicas mixtas: ensamblado, tallado y escultura",
OBRAS AÑO,2022,0060, Familia XIII,2022,"Ancho: 33 cm Alto: 31 cm Fondo:9 cm   
",1.4 Kg, ,USD 100,D,"FO  ROTA, la tiene EVA","Técnicas mixtas: ensamblado, tallado y escultura",
OBRAS AÑO,2022,0061,Familia XIV,2022,Ancho: 23 cm Alto: 23 cm Fondo: 6 cm,1 Kg., ,USD 50,V,"Fernando Aveldaño, Rosario","Técnicas mixtas: ensamblado, tallado y escultura",
OBRAS AÑO,2022,0062,Grito,2022,Ancho:52 cm Alto: 70 cm Fondo:18 cm ,"3 Kg.
", ,USD 440,C,Galería Caracoles - Jose Ignacio,"Técnicas mixtas: ensamblado, tallado y escultura",
OBRAS AÑO,2022,0063,Vuelos,2022,Ancho: 92 cm  Alto: 104  cm Fondo: 33 cm,20 kg ,,USD 1.500, ,,"Técnicas mixtas: ensamblado, tallado y escultura",https://youtu.be/GObnhTRGwYQ
OBRAS AÑO,2022,0064,Alegría II,2022,Ancho:  23 cm    Alto: 33 cm     Fondo:  10 cm  ,"1.3 Kg.   
",,USD 80,,,"Técnicas mixtas: ensamblado, tallado y escultura",
OBRAS AÑO,2022,0065,Alegría II,2022,Ancho: 28 cm Alto: 40 cm              Fondo 12 cm,1.7 Kg,,USD 70,V,Guido dilagiovanna,"Técnicas mixtas: ensamblado, tallado y escultura",
OBRAS AÑO,2022,0066,Alegría IV,2022,Ancho: 20 cm   Alto: 42 cm Fondo:13  cm ,800 gs., ,USD 130,V,Galería Caracoles - Jose Ignacio,"Técnicas mixtas: ensamblado, tallado y escultura",
OBRAS AÑO,2022,0067,Alegría V,2022,Ancho:  21  cm    Alto: 30 cm  Fondo:  10 cm  ,1.2 Kg., ,USD 75,V,Alejandra Mota,"Técnicas mixtas: ensamblado, tallado y escultura",
OBRAS AÑO,2022,0068,Alegría VI,2022,Ancho: 24 cm      Alto: 30 cm    Fondo:9 cm ,2 Kg., ,USD 130,V,Galería Caracoles - Jose Ignacio,"Técnicas mixtas: ensamblado, tallado y escultura",
OBRAS AÑO,2022,0069,Oveja Negra,2022,Ancho:37 cm       Alto: 37 cm Fondo:11 cm ,2.2 Kg., ,USD 180,V,BADA,"Técnicas mixtas: ensamblado, tallado y escultura",
OBRAS AÑO,2022,0070,Alegría VII,2022,Ancho: 24 cm      Alto: 55 cm   Fondo:18 cm ,2.4 Kg, ,USD 200,V,Galería Caracoles - Jose Ignacio,"Técnicas mixtas: ensamblado, tallado y escultura",
OBRAS AÑO,2022,0071,Monada en Libertad,2022,Ancho:74 cm       Alto: 43 cm Fondo:10 cm ,3 Kg,,USD 350,,,"Técnicas mixtas: ensamblado, tallado y escultura",
OBRAS AÑO,2022,0072,Mi Arca,2022,Alto 98:   cm         Ancho: 65  cm        Fondo 19:   cm,7 Kg.,"“Mi Arca”, 3º Premio – LXIII Salón de Otoño, Ateneo Esteban Echeverría, San               Fernando
",USD 1.000,,,"Técnicas mixtas: ensamblado, tallado y escultura",
OBRAS AÑO,2022,0073,ALEGRIA VIII,2022,Alto 98:   cm         Ancho: 65  cm        Fondo 19:   cm,680 gr.,,USD 70,V,2/1/2023 Adriana Gerzonswit ,"Técnicas mixtas: ensamblado, tallado y escultura",
OBRAS AÑO,2022,0074,Familia XV,2022,Alto:  36 cm         Ancho: 21  cm        Fondo: 10  cm,625 gr,,USD 70,V,"VENDIDA  PAMPAS Enrique, La Aldea","Técnicas mixtas: ensamblado, tallado y escultura",
OBRAS AÑO,2022,0075,Alegría IX,2022,Alto: 33  cm         Ancho: 23  cm        Fondo:7   cm   Peso : 560 gr.,560 gr.,,USD 70,V,? A donde esta ?,"Técnicas mixtas: ensamblado, tallado y escultura",
OBRAS AÑO,2022,0076,Alegría X,2022,Alto: 34  cm         Ancho:14  cm        Fondo:9   cm    .,750 gr.,,USD 70,V,"Laura Perez Morales, 10.000$ 23/12/22","Técnicas mixtas: ensamblado, tallado y escultura",
OBRAS AÑO,2022,0077,Familia XVI,2022,Alto: 15  cm         Ancho: 22 cm        Fondo: 7  cm,300 gr.,,USD 40,D,"Donada, Dolores","Técnicas mixtas: ensamblado, tallado y escultura",
OBRAS AÑO,2022,0078,Susto II,2022,Alto: 16  cm         Ancho: 22  cm        Fondo: 8  cm   Peso : 300 gr.,300 gr., ,USD 50,D,FO,"Técnicas mixtas: ensamblado, tallado y escultura",
OBRAS AÑO,2023,0079,Viejo Tren ,2023,Ancho:  23 cm    Alto: 33 cm  Fondo:  10 cm  ,,"“Viejo Tren”, 3º Premio – Concurso ArteNew, Rotary Club de Villa Urquiza
",USD 1.000,, ,"Técnicas mixtas: ensamblado, tallado y escultura",
OBRAS AÑO,2023,0080,Familia XVII,2023,Alto:  21cm         Ancho: 12cm        Fondo:  6  cm,900 gr.,,USD 40,V,?,"Técnicas mixtas: ensamblado, tallado y escultura",
OBRAS AÑO,2023,0081,Familia XVIII,2023,Alto:  33 cm         Ancho: 14 cm        Fondo:  8  cm,500 gr.,Apoyar o Colgar,USD 50,V,FO,"Técnicas mixtas: ensamblado, tallado y escultura",
OBRAS AÑO,2023,0082,Familia XIX,2023,Alto: 40  cm         Ancho:27 cm        Fondo: 12 cm,600 gr,,USD 70,V,Guillermina TETE,"Técnicas mixtas: ensamblado, tallado y escultura",
OBRAS AÑO,2023,0083,Alegría XI,2023,Alto:   29 cm         Ancho: 24 cm        Fondo:  9 cm,500 gr.,,USD 75,V,FO,"Técnicas mixtas: ensamblado, tallado y escultura",
OBRAS AÑO,2023,0084,Familia XX,2023,Alto: 27  cm         Ancho: 19 cm        Fondo:  9 cm,600 gr,,USD 75,V,FO,"Técnicas mixtas: ensamblado, tallado y escultura",
OBRAS AÑO,2023,0086,Asombro I,2023,Alto:  29 cm         Ancho: 14 cm        Fondo: 12 cm,500 gr.,,USD 70,V,FO,"Técnicas mixtas: ensamblado, tallado y escultura",
OBRAS AÑO,2023,0087,Asombro II,2023,Alto:  26 cm         Ancho: 26 cm        Fondo: 12 cm, ,,USD 80,V,Cecilia Di…,"Técnicas mixtas: ensamblado, tallado y escultura",
OBRAS AÑO,2023,0088,Asombro III,2023,Alto:  24 cm         Ancho: 20 cm        Fondo: 10 cm,700 gr.,,USD 70,V, DONDE ESTA ?,"Técnicas mixtas: ensamblado, tallado y escultura",
OBRAS AÑO,2023,0089,Asombro IV ,2023,Alto:  29 cm         Ancho: 24 cm        Fondo: 12 cm,1 Kg.,,USD 70,V,Carlos Calleja - Teatro colon,"Técnicas mixtas: ensamblado, tallado y escultura",
OBRAS AÑO,2023,0090,Asombro V,2023,Alto:  27 cm         Ancho: 20 cm        Fondo: 6 cm,650 gr.,,USD 75,V,XXXX,"Técnicas mixtas: ensamblado, tallado y escultura",
OBRAS AÑO,2023,0092,Amigos I,2023,Alto:  30 cm         Ancho: 20 cm        Fondo: 9 cm,,,USD 90,,,"Técnicas mixtas: ensamblado, tallado y escultura",
OBRAS AÑO,2023,0093,YO !!,2023,Alto:  44 cm         Ancho: 23 cm        Fondo: 14 cm,,,USD 130,,,"Técnicas mixtas: ensamblado, tallado y escultura",
OBRAS AÑO,2023,0094,Calentando el Alma I,2023,Alto:  60 cm         Ancho:80 cm        Fondo: 20 cm,, ,USD 550, , ,"Técnicas mixtas: ensamblado, tallado y escultura",
OBRAS AÑO,2023,0095,Calentando el Alma II,2023,Alto:  48 cm         Ancho: 36 cm        Fondo: 14 cm,,,USD 380,C,Bertuzzi Atelier,"Técnicas mixtas: ensamblado, tallado y escultura",
OBRAS AÑO,2023,0096,Amigos II,2023,Alto:  50 cm         Ancho: 23 cm        Fondo: 8 cm,,Apoyar o Colgar,USD 140,,,"Técnicas mixtas: ensamblado, tallado y escultura",
OBRAS AÑO,2023,0097,Calentando el Alma III,2023,Alto:  43 cm         Ancho: 44  cm        Fondo: 23 cm,, ,USD 240,D," Donada Gabriel M iras, Museo Berisso","Técnicas mixtas: ensamblado, tallado y escultura",
OBRAS AÑO,2023,0098,Esperando Respuesta,2023,Alto:  58 cm         Ancho: 40 cm        Fondo: 13 cm,, ,USD 350,C,FO,"Técnicas mixtas: ensamblado, tallado y escultura",
OBRAS AÑO,2023,0099,Esperanza,2023,Alto:  80 cm         Ancho: 100 cm        Fondo: 16 cm  ,, ,USD 800,v,Cohen,"Técnicas mixtas: ensamblado, tallado y escultura",
OBRAS AÑO,2023,0100,La Fábrica,2023,Alto: 68 cm         Ancho: 68 cm        Fondo: 21 cm ,16 Kg.,"La Fábrica”, Mención  – “XVI Salón ARTVILO de Pintura y Escultura”
Asociación de Artistas de Vicente López

""Las manos en alto,
las bocas abiertas,
los troncos exaltados, 
las piernas en pisoteo. 
¡Tanta energía derramada! 
La ventana de la fábrica 
continúa cerrada.
La incomodidad no basta 
para derrotar la impunidad. 
Las fuerzas se agotan
ante la indiferencia
Poderes ocultos se enlazan. 
La ventana de la fábrica 
continúa cerrada
 
Los gritos del reclamo 
inauguran un diálogo otro. 
El reclamo justo cae 
en manos del deshonesto. 
La ventana de la fábrica crujiendo se abre.
Las mentiras
los acaricia. 
Y cuando la ventana 
se cierra,
las mandíbulas caen.
",USD 1.000,,,"Técnicas mixtas: ensamblado, tallado y escultura",https://youtube.com/shorts/Sc3kcklLQs4?feature=share
OBRAS AÑO,2023,0101,Familia XXI,2023,Alto: 37 cm  Ancho: 31 cm  Fondo: 14 cm,, ,USD 130,C,Bertuzzi Atelier,"Técnicas mixtas: ensamblado, tallado y escultura",
OBRAS AÑO,2024,0102,Clamor,2024,Ancho:  80 cm    Alto: 145 cm  Fondo:  35 cm  ,, ,USD 1.900, ,,"Técnicas mixtas: ensamblado, tallado y escultura",
OBRAS AÑO,2024,0103,Susto III,2024,Alto:  28 cm         Ancho: 30 cm        Fondo: 7 cm,,,USD 100,, ,"Técnicas mixtas: ensamblado, tallado y escultura",
OBRAS AÑO,2024,0104,Asombro VI,2024,Alto:  33 cm         Ancho: 28 cm        Fondo: 10 cm,,,USD 80, , ,"Técnicas mixtas: ensamblado, tallado y escultura",
OBRAS AÑO,2024,0105,Familia XXII,2024,Alto:  42 cm         Ancho: 25 cm        Fondo: 16 cm,,,USD 130,, ,"Técnicas mixtas: ensamblado, tallado y escultura",
OBRAS AÑO,2024,0106,Familia XXIII,2024,Alto:  29 cm         Ancho: 22 cm        Fondo: 9 cm,,,USD 50,D,"Donada, Francisca Verdi ","Técnicas mixtas: ensamblado, tallado y escultura",
OBRAS AÑO,2024,0107,Amigos III,2024,Alto:  29 cm         Ancho: 13 cm        Fondo: 10 cm,,,USD 70,V,NOEMI  150.000,"Técnicas mixtas: ensamblado, tallado y escultura",
OBRAS AÑO,2024,0108,Familia XXIV,2024,Alto:  30 cm         Ancho: 16 cm        Fondo: 7 cm,,,USD 35,V, ,"Técnicas mixtas: ensamblado, tallado y escultura",
OBRAS AÑO,2024,0109,Familia XXV,2024,Alto:  20 cm         Ancho: 22 cm        Fondo: 7 cm,, ,USD 70,, ,"Técnicas mixtas: ensamblado, tallado y escultura",
OBRAS AÑO,2024,0110,Familia XXVI,2024,Alto:  32 cm         Ancho: 31 cm        Fondo: 8 cm,,,USD 60,D,Matias Eckardt,"Técnicas mixtas: ensamblado, tallado y escultura",
OBRAS AÑO,2024,0111,Familia XXVII,2024,Alto:  31 cm         Ancho: 40 cm        Fondo: 9 cm,,,USD 80,V,"Alicia Nieto, lleva a Nueva York","Técnicas mixtas: ensamblado, tallado y escultura",
OBRAS AÑO,2024,0112,Esperanza a la deriva,2024,Alto:  120 cm         Ancho: 120 cm        Fondo: 25 cm,,"
Esperanza a la Deriva — 1er Premio Escultura — “90° Salón de Otoño SAAP 2025”
Sociedad Argentina de Artistas Plásticos


Esta escultura, creada con materiales reciclados obtenidos del Río de la Plata, representa un homenaje a los navegantes de todas las épocas. 
En su núcleo destaca una cuaderna de un gran bote, reutilizada como símbolo de un barco de refugiados. Cada fragmento que compone esta obra fue rescatado del río, transformando residuos en un mensaje de esperanza. 
La cuaderna, desgastada por el tiempo y las aguas, antes parte de una embarcación perdida, ahora se erige como un homenaje a los innumerables viajes y luchas de aquellos que buscan un nuevo comienzo.
A su alrededor, otros objetos rescatados del río completan la composición, cada uno con su propia historia, uniéndose para formar un relato común de resiliencia.
Este barco,  navega sin fronteras en el océano de nuestras memorias colectivas, recordándonos la importancia de la solidaridad y la empatía en un mundo donde todos somos, de alguna manera, navegantes en busca de un lugar seguro.

",USD 3.000, , ,"Técnicas mixtas: ensamblado, tallado y escultura",
OBRAS AÑO,2024,0113,Tierra Arrasada,2024,Alto:  76 cm         Ancho: 80  cm        Fondo: 34 cm,, ,USD 700,C,FO,"Técnicas mixtas: ensamblado, tallado y escultura",
OBRAS AÑO,2024,0114,El Protector,2024,Alto:  42 cm         Ancho: 30 cm        Fondo:  34 cm,,,USD 280,, ,"Técnicas mixtas: ensamblado, tallado y escultura",
OBRAS AÑO,2024,0115,Familia XXVIII,2024,Alto: 25  cm         Ancho:16  cm        Fondo: 8 cm,, ,USD 80,C,FO,"Técnicas mixtas: ensamblado, tallado y escultura",
OBRAS AÑO,2024,0116,FAMILIA XXIX,2024,Alto:  22 cm         Ancho: 27 cm        Fondo: 8 cm,,,USD 60,D,Federico Acuña,"Técnicas mixtas: ensamblado, tallado y escultura",
OBRAS AÑO,2024,0117,Amor Ensamblado,2024,Alto:  52 cm         Ancho:  49 cm        Fondo:  15 cm,,,USD 380,, ,"Técnicas mixtas: ensamblado, tallado y escultura",
OBRAS AÑO,2024,0118,Siempre Presente ,2024,Alto:  110 cm         Ancho: 47 cm        Fondo: 15  cm,,,USD 450, , ,"Técnicas mixtas: ensamblado, tallado y escultura",
OBRAS AÑO,2024,0119,Guardianes de la Raiz ,2024,Alto: 70 cm         Ancho:30 cm        Fondo:20  cm,,,USD 400, , ,"Técnicas mixtas: ensamblado, tallado y escultura",
OBRAS AÑO,2024,0120,Juntos I,2024,Alto :  41 cm     Ancho : 19 cm   Fondo : 17 cm,, ,USD 110,,,"Técnicas mixtas: ensamblado, tallado y escultura",
OBRAS AÑO,2024,0121,Juntos II,2024,Alto :  48 cm   Ancho : 16 cm   Fondo : 11 cm,, ,USD 100,C,FO,"Técnicas mixtas: ensamblado, tallado y escultura",
OBRAS AÑO,2024,0122,Juntos III,2024,Alto :  40 cm   Ancho : 14 cm   Fondo : 7 cm,, ,USD 90,,,"Técnicas mixtas: ensamblado, tallado y escultura",
OBRAS AÑO,2024,0123,Juntos IV,2024,Alto :  37 cm  Ancho : 17 cm Fondo : 7 cm,, ,USD 80,C,FO,"Técnicas mixtas: ensamblado, tallado y escultura",
OBRAS AÑO,2024,0124,Juntos V,2024,Alto : 27 cm    Ancho : 20 cm   Fondo : 12 cm,, ,USD 80,C,FO,"Técnicas mixtas: ensamblado, tallado y escultura",
OBRAS AÑO,2025,0125,El Relincho del Río,2025,,,,USD 400,,,"Técnicas mixtas: ensamblado, tallado y escultura",
OBRAS AÑO,2025,0146,Entrelazados,2025,Alto:  100 cm         Ancho:133 cm        Fondo: 15 cm    ,20 Kg.,"Entre restos arrastrados por el río —troncos erosionados, maderas marcadas por el tiempo— toma forma una multitud silenciosa.

Hay una presencia compartida, son figuras anónimas, reunidas por algo que no se dice, quizá una pérdida, quizá la memoria de un momento común. 
No es un hogar, es un encuentro. Un nudo de historias trenzadas por la ausencia o la esperanza.

Esta escena, encuadrada en un marco antiguo que guarda su propia historia, transforma desechos en humanidad suspendida. 
Porque en cada grieta, en cada fragmento, vibra lo que el río no quiso y que el arte rescata para hacerlo eterno.
",USD 3.000,,,"Técnicas mixtas: ensamblado, tallado y escultura",https://youtube.com/shorts/pOzP-pmFSp8?feature=share
OBRAS AÑO,2025,0147, Ecos de un Hogar,2025,Alto:  58 cm         Ancho: 50 cm        Fondo: 12 cm,,,USD 350,,,"Técnicas mixtas: ensamblado, tallado y escultura",https://youtube.com/shorts/qvDQ3w3Z0VU?feature=share
OBRAS AÑO,2025,0148,Vínculos enmarcados,2025,Alto:  50 cm         Ancho: 40 cm        Fondo: 10 cm,,,USD 290,,,"Técnicas mixtas: ensamblado, tallado y escultura",https://youtube.com/shorts/AnkOxeSS8aw?feature=share
OBRAS AÑO,2025,0149,En discordia,2025,Alto:  40 cm         Ancho :27 cm        Fondo  8 cm,,,USD 150,,,"Técnicas mixtas: ensamblado, tallado y escultura",https://youtube.com/shorts/zeE9ksPCS1s?feature=share
OBRAS AÑO,2025,0150,El Intento,2025,Alto:  82 cm         Ancho: 95 cm        Fondo: 18 cm      ,14 Kg,"""El Intento"" es una obra que fusiona arte, naturaleza y reciclaje en una composición poética y evocadora, la fuerza del río con la emoción de la figura humana. Realizada dentro de un marco antiguo —como una ventana al tiempo—, es un símbolo de lucha, de deseo, de búsqueda. Cada veta, cada imperfección de la madera, cuenta una historia de agua, tiempo y esperanza. Es también una invitación al espectador a mirar más allá de lo establecido, a tender la mano hacia lo posible, desafiando a la quietud, a la resignación, al olvido.
",USD 1.200,,,"Técnicas mixtas: ensamblado, tallado y escultura",https://youtube.com/shorts/m8A0Qxs1v-Y?feature=share
OBRAS AÑO,2025,0151,Memorias al descubierto,2025,"Ancho: 55 cm,  Alto: 75 cm,  Fondo: 12 cm.   ",5 Kg,,USD 780,,,"Técnicas mixtas: ensamblado, tallado y escultura",https://youtube.com/shorts/X_1EM8M2754?feature=share
OBRAS AÑO,2025,0152,Secretos tras el cristal,2025,"Ancho: 55 cm,  Alto: 75 cm,  Fondo: 19 cm.   ",8 Kg.,,USD 900,,,"Técnicas mixtas: ensamblado, tallado y escultura",https://youtube.com/shorts/s8xExjkI3nQ?feature=share
OBRAS SERIE ,Re-Cuadros,0152,Secretos tras el cristal,2025,"Ancho: 55 cm,  Alto: 75 cm,  Fondo: 19 cm.   ",8 Kg.,,USD 900,,,"Técnicas mixtas: ensamblado, tallado y escultura",https://youtube.com/shorts/s8xExjkI3nQ?feature=share
OBRAS SERIE ,Re-Cuadros,0151,Memorias al descubierto,2025,"Ancho: 55 cm,  Alto: 75 cm,  Fondo: 12 cm.   ",5 Kg,,USD 780,,,"Técnicas mixtas: ensamblado, tallado y escultura",https://youtube.com/shorts/X_1EM8M2754?feature=share
OBRAS SERIE ,Re-Cuadros,0150,El Intento,2025,Alto:  82 cm         Ancho: 95 cm        Fondo: 18 cm      ,14 Kg,"""El Intento"" es una obra que fusiona arte, naturaleza y reciclaje en una composición poética y evocadora, la fuerza del río con la emoción de la figura humana. Realizada dentro de un marco antiguo —como una ventana al tiempo—, es un símbolo de lucha, de deseo, de búsqueda. Cada veta, cada imperfección de la madera, cuenta una historia de agua, tiempo y esperanza. Es también una invitación al espectador a mirar más allá de lo establecido, a tender la mano hacia lo posible, desafiando a la quietud, a la resignación, al olvido.
",USD 1.200,,,"Técnicas mixtas: ensamblado, tallado y escultura",https://youtube.com/shorts/m8A0Qxs1v-Y?feature=share
OBRAS SERIE ,Re-Cuadros,0149,En discordia,2025,Alto:  40 cm         Ancho :27 cm        Fondo  8 cm,,,USD 150,,,"Técnicas mixtas: ensamblado, tallado y escultura",https://youtube.com/shorts/zeE9ksPCS1s?feature=share
OBRAS SERIE ,Re-Cuadros,0148,Vínculos enmarcados,2025,Alto:  50 cm         Ancho: 40 cm        Fondo: 10 cm,,,USD 290,,,"Técnicas mixtas: ensamblado, tallado y escultura",https://youtube.com/shorts/AnkOxeSS8aw?feature=share
OBRAS SERIE ,Re-Cuadros,0147, Ecos de un Hogar,2025,Alto:  58 cm         Ancho: 50 cm        Fondo: 12 cm,,,USD 350,,,"Técnicas mixtas: ensamblado, tallado y escultura",https://youtube.com/shorts/qvDQ3w3Z0VU?feature=share
OBRAS SERIE ,Re-Cuadros,0146,Entrelazados,2025,Alto:  100 cm         Ancho:133 cm        Fondo: 15 cm    ,20 Kg.,"Entre restos arrastrados por el río —troncos erosionados, maderas marcadas por el tiempo— toma forma una multitud silenciosa.

Hay una presencia compartida, son figuras anónimas, reunidas por algo que no se dice, quizá una pérdida, quizá la memoria de un momento común. 
No es un hogar, es un encuentro. Un nudo de historias trenzadas por la ausencia o la esperanza.

Esta escena, encuadrada en un marco antiguo que guarda su propia historia, transforma desechos en humanidad suspendida. 
Porque en cada grieta, en cada fragmento, vibra lo que el río no quiso y que el arte rescata para hacerlo eterno.
",USD 3.000,,,"Técnicas mixtas: ensamblado, tallado y escultura",https://youtube.com/shorts/pOzP-pmFSp8?feature=share
OBRAS SERIE ,Re-Cuadros,0020,La Familia,2019,"Ancho: 44 cm, Alto: 34 cm, Fondo: 6 cm","1.3 Kg.   
",,USD 240,D, Tony Postolivo - Mar Azul,"Técnicas mixtas: ensamblado, tallado y escultura",
OBRAS SERIE ,Juntos,0120,Juntos I,2024,Alto :  41 cm     Ancho : 19 cm   Fondo : 17 cm,, ,USD 110,,,"Técnicas mixtas: ensamblado, tallado y escultura",
OBRAS SERIE ,Juntos,0121,Juntos II,2024,Alto :  48 cm   Ancho : 16 cm   Fondo : 11 cm,, ,USD 100,C,FO,"Técnicas mixtas: ensamblado, tallado y escultura",
OBRAS SERIE ,Juntos,0122,Juntos III,2024,Alto :  40 cm   Ancho : 14 cm   Fondo : 7 cm,, ,USD 90,,,"Técnicas mixtas: ensamblado, tallado y escultura",
OBRAS SERIE ,Juntos,0123,Juntos IV,2024,Alto :  37 cm  Ancho : 17 cm Fondo : 7 cm,, ,USD 80,C,FO,"Técnicas mixtas: ensamblado, tallado y escultura",
OBRAS SERIE ,Juntos,0124,Juntos V,2024,Alto : 27 cm    Ancho : 20 cm   Fondo : 12 cm,, ,USD 80,C,FO,"Técnicas mixtas: ensamblado, tallado y escultura",
OBRAS SERIE ,Familias,0024,Familia I,2019,"Ancho: 25 cm, Alto: 35 cm, Fondo: 9 cm","400 g.
  ",,USD 120,D,Nestor Salama  CABA,"Técnicas mixtas: ensamblado, tallado y escultura",
OBRAS SERIE ,Familias,0025,Familia II,2019,"Ancho: 18 cm, Alto:37 cm, Fondo: 8 cm","1.1Kg.
",,USD 70,D,"Jofre, Pintor","Técnicas mixtas: ensamblado, tallado y escultura",
OBRAS SERIE ,Familias,0045,Familia III,2020,Ancho: 22 cm Alto:43 cm Fondo: 8 cm,1.1 kg  ,,USD 100,D,Marcelo Zilenczi  Vte. López,"Técnicas mixtas: ensamblado, tallado y escultura",
OBRAS SERIE ,Familias,0046,Familia III-A,2020,Ancho: 20 cm Alto:65 cm Fondo: 7 cm.,1 kg  ,,USD 80,V,Facundo Zarabia,"Técnicas mixtas: ensamblado, tallado y escultura",
OBRAS SERIE ,Familias,0047,Familia IV,2021,Ancho: 16 cm Alto:48 cm Fondo: 11 cm.," 
2 kg.",,USD 110, , ,"Técnicas mixtas: ensamblado, tallado y escultura",
OBRAS SERIE ,Familias,0048,Familia V,2021,Ancho: 22 cm Alto:32 cm Fondo: 8 cm.,450 g.,,USD 80,V,Marina,"Técnicas mixtas: ensamblado, tallado y escultura",
OBRAS SERIE ,Familias,0049,Familia VI,2021,Ancho: 20 cm Alto:34 cm Fondo: 10 cm. ,"600 g.
  ",,USD 80,V,"Guillermina, TETE","Técnicas mixtas: ensamblado, tallado y escultura",
OBRAS SERIE ,Familias,0050,Familia VII,2021,Ancho: 16 cm Alto:26 cm Fondo: 9 cm.,320 g.,,USD 65,V,Gustavo Gabilondo,"Técnicas mixtas: ensamblado, tallado y escultura",
OBRAS SERIE ,Familias,0055,Familia VIII,2021,Ancho:30 cm Alto: 41 cm Fondo:13 cm ,2 Kg, ,USD 110,V,WHATS CHACU Alejandra 21_11_21,"Técnicas mixtas: ensamblado, tallado y escultura",
OBRAS SERIE ,Familias,0056, Familia IX,2021,Ancho:20 cm Alto: 37 cm Fondo:10 cm , 2 Kg., ,USD 80,V,Marina,"Técnicas mixtas: ensamblado, tallado y escultura",
OBRAS SERIE ,Familias,0057, Familia X,2021,Ancho: 30 cm Alto: 38 cm Fondo:11 cm ,1.5 Kg.  , ,USD 90,D,Julio Spinelli,"Técnicas mixtas: ensamblado, tallado y escultura",
OBRAS SERIE ,Familias,0058, Familia XI,2021,Ancho:37 cm Alto: 47 cm Fondo:13 cm ,1.8 Kg, ,USD 120,V,XXXX,"Técnicas mixtas: ensamblado, tallado y escultura",
OBRAS SERIE ,Familias,0059, Familia XII,2022,"Ancho:29 cm    Alto: 33 cm     Fondo:8 cm    
","1.3 Kg.   
", ,USD 80, , ,"Técnicas mixtas: ensamblado, tallado y escultura",
OBRAS SERIE ,Familias,0060, Familia XIII,2022,"Ancho: 33 cm Alto: 31 cm Fondo:9 cm   
",1.4 Kg, ,USD 100,D,"FO  ROTA, la tiene EVA","Técnicas mixtas: ensamblado, tallado y escultura",
OBRAS SERIE ,Familias,0061,Familia XIV,2022,Ancho: 23 cm Alto: 23 cm Fondo: 6 cm,1 Kg., ,USD 50,V,"Fernando Aveldaño, Rosario","Técnicas mixtas: ensamblado, tallado y escultura",
OBRAS SERIE ,Familias,0074,Familia XV,2022,Alto:  36 cm         Ancho: 21  cm        Fondo: 10  cm,625 gr,,USD 70,V,"VENDIDA  PAMPAS Enrique, La Aldea","Técnicas mixtas: ensamblado, tallado y escultura",
OBRAS SERIE ,Familias,0077,Familia XVI,2022,Alto: 15  cm         Ancho: 22 cm        Fondo: 7  cm,300 gr.,,USD 40,D,"Donada, Dolores","Técnicas mixtas: ensamblado, tallado y escultura",
OBRAS SERIE ,Familias,0080,Familia XVII,2023,Alto:  21cm         Ancho: 12cm        Fondo:  6  cm,900 gr.,,USD 40,V,?,"Técnicas mixtas: ensamblado, tallado y escultura",
OBRAS SERIE ,Familias,0081,Familia XVIII,2023,Alto:  33 cm         Ancho: 14 cm        Fondo:  8  cm,500 gr.,Apoyar o Colgar,USD 50,V,FO,"Técnicas mixtas: ensamblado, tallado y escultura",
OBRAS SERIE ,Familias,0082,Familia XIX,2023,Alto: 40  cm         Ancho:27 cm        Fondo: 12 cm,600 gr,,USD 70,V,Guillermina TETE,"Técnicas mixtas: ensamblado, tallado y escultura",
OBRAS SERIE ,Familias,0084,Familia XX,2023,Alto: 27  cm         Ancho: 19 cm        Fondo:  9 cm,600 gr,,USD 75,V,FO,"Técnicas mixtas: ensamblado, tallado y escultura",
OBRAS SERIE ,Familias,0101,Familia XXI,2023,Alto: 37 cm  Ancho: 31 cm  Fondo: 14 cm,, ,USD 130,C,Bertuzzi Atelier,"Técnicas mixtas: ensamblado, tallado y escultura",
OBRAS SERIE ,Familias,0105,Familia XXII,2024,Alto:  42 cm         Ancho: 25 cm        Fondo: 16 cm,,,USD 130,, ,"Técnicas mixtas: ensamblado, tallado y escultura",
OBRAS SERIE ,Familias,0106,Familia XXIII,2024,Alto:  29 cm         Ancho: 22 cm        Fondo: 9 cm,,,USD 50,D,"Donada, Francisca Verdi ","Técnicas mixtas: ensamblado, tallado y escultura",
OBRAS SERIE ,Familias,0108,Familia XXIV,2024,Alto:  30 cm         Ancho: 16 cm        Fondo: 7 cm,,,USD 35,V, ,"Técnicas mixtas: ensamblado, tallado y escultura",
OBRAS SERIE ,Familias,0109,Familia XXV,2024,Alto:  20 cm         Ancho: 22 cm        Fondo: 7 cm,, ,USD 70,, ,"Técnicas mixtas: ensamblado, tallado y escultura",
OBRAS SERIE ,Familias,0110,Familia XXVI,2024,Alto:  32 cm         Ancho: 31 cm        Fondo: 8 cm,,,USD 60,D,Matias Eckardt,"Técnicas mixtas: ensamblado, tallado y escultura",
OBRAS SERIE ,Familias,0111,Familia XXVII,2024,Alto:  31 cm         Ancho: 40 cm        Fondo: 9 cm,,,USD 80,V,"Alicia Nieto, lleva a Nueva York","Técnicas mixtas: ensamblado, tallado y escultura",
OBRAS SERIE ,Familias,0115,Familia XXVIII,2024,Alto: 25  cm         Ancho:16  cm        Fondo: 8 cm,, ,USD 80,C,FO,"Técnicas mixtas: ensamblado, tallado y escultura",
OBRAS SERIE ,Familias,0116,FAMILIA XXIX,2024,Alto:  22 cm         Ancho: 27 cm        Fondo: 8 cm,,,USD 60,D,Federico Acuña,"Técnicas mixtas: ensamblado, tallado y escultura",
OBRAS SERIE ,Asombro,0086,Asombro I,2023,Alto:  29 cm         Ancho: 14 cm        Fondo: 12 cm,500 gr.,,USD 70,V,FO,"Técnicas mixtas: ensamblado, tallado y escultura",
OBRAS SERIE ,Asombro,0087,Asombro II,2023,Alto:  26 cm         Ancho: 26 cm        Fondo: 12 cm, ,,USD 80,V,Cecilia Di…,"Técnicas mixtas: ensamblado, tallado y escultura",
OBRAS SERIE ,Asombro,0088,Asombro III,2023,Alto:  24 cm         Ancho: 20 cm        Fondo: 10 cm,700 gr.,,USD 70,V, DONDE ESTA ?,"Técnicas mixtas: ensamblado, tallado y escultura",
OBRAS SERIE ,Asombro,0089,Asombro IV ,,Alto:  29 cm         Ancho: 24 cm        Fondo: 12 cm,1 Kg.,,USD 70,V,Carlos Calleja - Teatro colon,"Técnicas mixtas: ensamblado, tallado y escultura",
OBRAS SERIE ,Asombro,0090,Asombro V,2023,Alto:  27 cm         Ancho: 20 cm        Fondo: 6 cm,650 gr.,,USD 75,V,XXXX,"Técnicas mixtas: ensamblado, tallado y escultura",
OBRAS SERIE ,Asombro,0104,Asombro VI,2024,Alto:  33 cm         Ancho: 28 cm        Fondo: 10 cm,,,USD 80, , ,"Técnicas mixtas: ensamblado, tallado y escultura",
OBRAS SERIE ,Amigos,0092,Amigos I,2023,Alto:  30 cm         Ancho: 20 cm        Fondo: 9 cm,,,USD 90,,,"Técnicas mixtas: ensamblado, tallado y escultura",
OBRAS SERIE ,Amigos,0096,Amigos II,2023,Alto:  50 cm         Ancho: 23 cm        Fondo: 8 cm,,Apoyar o Colgar,USD 140,,,"Técnicas mixtas: ensamblado, tallado y escultura",
OBRAS SERIE ,Amigos,0107,Amigos III,2024,Alto:  29 cm         Ancho: 13 cm        Fondo: 10 cm,,,USD 70,V,NOEMI  150.000,"Técnicas mixtas: ensamblado, tallado y escultura",
OBRAS SERIE ,Alegría,0064,Alegría II,2022,Ancho:  23 cm    Alto: 33 cm     Fondo:  10 cm  ,"1.3 Kg.   
",,USD 80,,,"Técnicas mixtas: ensamblado, tallado y escultura",
OBRAS SERIE ,Alegría,0065,Alegría II,2022,Ancho: 28 cm Alto: 40 cm              Fondo 12 cm,1.7 Kg,,USD 70,V,Guido dilagiovanna,"Técnicas mixtas: ensamblado, tallado y escultura",
OBRAS SERIE ,Alegría,0066,Alegría IV,2022,Ancho: 20 cm   Alto: 42 cm Fondo:13  cm ,800 gs., ,USD 130,V,Galería Caracoles - Jose Ignacio,"Técnicas mixtas: ensamblado, tallado y escultura",
OBRAS SERIE ,Alegría,0067,Alegría V,2022,Ancho:  21  cm    Alto: 30 cm  Fondo:  10 cm  ,1.2 Kg., ,USD 75,V,Alejandra Mota,"Técnicas mixtas: ensamblado, tallado y escultura",
OBRAS SERIE ,Alegría,0068,Alegría VI,2022,Ancho: 24 cm      Alto: 30 cm    Fondo:9 cm ,2 Kg., ,USD 130,V,Galería Caracoles - Jose Ignacio,"Técnicas mixtas: ensamblado, tallado y escultura",
OBRAS SERIE ,Alegría,0070,Alegría VII,2022,Ancho: 24 cm      Alto: 55 cm   Fondo:18 cm ,2.4 Kg, ,USD 200,V,Galería Caracoles - Jose Ignacio,"Técnicas mixtas: ensamblado, tallado y escultura",
OBRAS SERIE ,Alegría,0073,ALEGRIA VIII,2022,Alto 98:   cm         Ancho: 65  cm        Fondo 19:   cm,680 gr.,,USD 70,V,2/1/2023 Adriana Gerzonswit ,"Técnicas mixtas: ensamblado, tallado y escultura",
OBRAS SERIE ,Alegría,0075,Alegría IX,2022,Alto: 33  cm         Ancho: 23  cm        Fondo:7   cm   Peso : 560 gr.,560 gr.,,USD 70,V,? A donde esta ?,"Técnicas mixtas: ensamblado, tallado y escultura",
OBRAS SERIE ,Alegría,0076,Alegría X,2022,Alto: 34  cm         Ancho:14  cm        Fondo:9   cm    .,750 gr.,,USD 70,V,"Laura Perez Morales, 10.000$ 23/12/22","Técnicas mixtas: ensamblado, tallado y escultura",
OBRAS SERIE ,Alegría,0083,Alegría XI,2023,Alto:   29 cm         Ancho: 24 cm        Fondo:  9 cm,500 gr.,,USD 75,V,FO,"Técnicas mixtas: ensamblado, tallado y escultura",
ARTE AFRICANO,Bastones,1001,Báculo 001,1975,97 cm.,,"En la mayoría de los países africanos los bastones de ceremonia son objetos que implican gran solemnidad.  Son un signo externo de poder. Son utilizados por el rey, el jefe de cantón, el jefe de poblado o por los notables. Son objetos de autoridad y de prestigio.",,V,,Tallado a cortaplumas,
ARTE AFRICANO,Bastones,1015,Báculo 015,2006,115 cm.,,"En la mayoría de los países africanos los bastones de ceremonia son objetos que implican gran solemnidad.  Son un signo externo de poder. Son utilizados por el rey, el jefe de cantón, el jefe de poblado o por los notables. Son objetos de autoridad y de prestigio.",,,,Tallado a cortaplumas,
ARTE AFRICANO,Bastones,1020,Báculo 020,2007,127 cm.,,"En la mayoría de los países africanos los bastones de ceremonia son objetos que implican gran solemnidad.  Son un signo externo de poder. Son utilizados por el rey, el jefe de cantón, el jefe de poblado o por los notables. Son objetos de autoridad y de prestigio.",,,,Tallado a cortaplumas,
ARTE AFRICANO,Bastones,1024,Báculo 024,2008,130 cm.,,"En la mayoría de los países africanos los bastones de ceremonia son objetos que implican gran solemnidad.  Son un signo externo de poder. Son utilizados por el rey, el jefe de cantón, el jefe de poblado o por los notables. Son objetos de autoridad y de prestigio.",,,,Tallado a cortaplumas,
ARTE AFRICANO,Bastones,1031,Báculo 031,2011,127 cm.,,"En la mayoría de los países africanos los bastones de ceremonia son objetos que implican gran solemnidad.  Son un signo externo de poder. Son utilizados por el rey, el jefe de cantón, el jefe de poblado o por los notables. Son objetos de autoridad y de prestigio.",,,,Tallado a cortaplumas,
ARTE AFRICANO,Bastones,1039,Báculo 039,2016,103 cm.,,"En la mayoría de los países africanos los bastones de ceremonia son objetos que implican gran solemnidad.  Son un signo externo de poder. Son utilizados por el rey, el jefe de cantón, el jefe de poblado o por los notables. Son objetos de autoridad y de prestigio.",,,,Tallado a cortaplumas,
ARTE AFRICANO,Bastones,1046,Báculo 046,2021,140 cm.,,"En la mayoría de los países africanos los bastones de ceremonia son objetos que implican gran solemnidad.  Son un signo externo de poder. Son utilizados por el rey, el jefe de cantón, el jefe de poblado o por los notables. Son objetos de autoridad y de prestigio.",,,,Tallado a cortaplumas,
ARTE AFRICANO,Bastones,1048,Báculo 048,2023,124 cm.,,"En la mayoría de los países africanos los bastones de ceremonia son objetos que implican gran solemnidad.  Son un signo externo de poder. Son utilizados por el rey, el jefe de cantón, el jefe de poblado o por los notables. Son objetos de autoridad y de prestigio.",,,,Tallado a cortaplumas,
ARTE AFRICANO,Mascaras,2006,Máscara 006,1986,Alto : 63 cm   Ancho : 28  cm.   Fondo :  19 cm.,,"La función de las máscaras es transformar a sus portadores en personas más poderosas, ya que gracias al espíritu de la máscara, se da vida a un ser de otra naturaleza, como puede ser un dios o un antepasado. Tradicionalmente son utilizadas en eventos religiosos y sociales, como  ritos agrarios, funerarios, iniciáticos, Fiestas de deidades etc.
En estos rituales, las máscaras africanas representan deidades, bestias mitológicas y dioses; metáforas para el bien y el mal, los muertos, los animales, la naturaleza y cualquier otra fuerza que se considere más poderosa que el hombre mismo.",,,,Tallado,
ARTE AFRICANO,Mascaras,2008,Máscara 008,1988,Alto : 126 cm   Ancho : 44 cm.    Fondo : 28 cm.,,"La función de las máscaras es transformar a sus portadores en personas más poderosas, ya que gracias al espíritu de la máscara, se da vida a un ser de otra naturaleza, como puede ser un dios o un antepasado. Tradicionalmente son utilizadas en eventos religiosos y sociales, como  ritos agrarios, funerarios, iniciáticos, Fiestas de deidades etc.
En estos rituales, las máscaras africanas representan deidades, bestias mitológicas y dioses; metáforas para el bien y el mal, los muertos, los animales, la naturaleza y cualquier otra fuerza que se considere más poderosa que el hombre mismo.",,,,Tallado,
ARTE AFRICANO,Mascaras,2012,Máscara 012,1990,Alto : 115 cm   Ancho :  42 cm    Fondo :   44 cm.,,"La función de las máscaras es transformar a sus portadores en personas más poderosas, ya que gracias al espíritu de la máscara, se da vida a un ser de otra naturaleza, como puede ser un dios o un antepasado. Tradicionalmente son utilizadas en eventos religiosos y sociales, como  ritos agrarios, funerarios, iniciáticos, Fiestas de deidades etc.
En estos rituales, las máscaras africanas representan deidades, bestias mitológicas y dioses; metáforas para el bien y el mal, los muertos, los animales, la naturaleza y cualquier otra fuerza que se considere más poderosa que el hombre mismo.",,,,Tallado,
EXHIBICIONES,2021-20-19,3010,Centro Cultural Borges - Suma,2019,,,,,,,,
EXHIBICIONES,2021-20-19,3020,FNA - MAP Museo Jose Hernandez,2019,,,,,,,,
EXHIBICIONES,2021-20-19,3030,Galeria Centoira - La Explosion del color,2019,,,,,,,,
EXHIBICIONES,2021-20-19,3040,Casa de la Cultura - Mar Azul,2020,,,,,,,,
EXHIBICIONES,2021-20-19,3050,ARTOUT - Celebrando la Boca,2021,,,,,,,,
EXHIBICIONES,2022,3060,Jardin de Infantes 903 - Paso del Rey,2022,,,,,,,,
EXHIBICIONES,2022,3070,Museom del Raggio - Expoarte + 40 2022,2022,,,,,,,,
EXHIBICIONES,2022,3080,Fista Nacional del Reciclado - Laprida Bs As,2022,,,Invitado Especial a la Fiesta Nacional del Reciclado,,,,,
EXHIBICIONES,2022,3090,BADA 2022,2022,,,,,,,,
EXHIBICIONES,2022,3100,Lunatica 2022 - Paseo de las Artes,2022,,,,,,,,
EXHIBICIONES,2022,3110,Galeria los Caracoles,2022,,,,,,,,
EXHIBICIONES,2023,3120,Salon Leon Gallardo 2023,2023,,,,,,,,
EXHIBICIONES,2023,3130,Escultorica - Paseo de las Artes,2023,,,,,,,,
EXHIBICIONES,2023,3140,Arte New Rotary,2023,,,"3er. Premio con mi obra ""El Viejo Tren""",,,,,
EXHIBICIONES,2023,3150,Galeria Palermo H - Manos en Arte,2023,,,,,,,,
EXHIBICIONES,2023,3160,LXIII Salon de Otoño de San Fernando 2023,2023,,,"3er. Premio por la mi escultura ""Mi Arca""",,,,,
EXHIBICIONES,2023,3170,Galeria Braque 2023,2023,,,,,,,,
EXHIBICIONES,2023,3180,Lunatica 2023 - Paseo de las Artes,2023,,,,,,,,
EXHIBICIONES,2023,3190,Salón Entrevero - AADAE - Octubre 2023,2023,,,"Selección de mi obra 'La Fábrica"" para ser presentada en el Festival ""Entrevero"" en Dolores.",,,,,
EXHIBICIONES,2023,3200,Festival Entrevero 2023,2023,,,,,,,,
EXHIBICIONES,2024,3210,Museo Penitenciario - La PLata AADAE,2024,,,,,,,,
EXHIBICIONES,2024,3220,Museo del Raggio - AADAE 2024,2024,,,,,,,,
EXHIBICIONES,2024,3230,Muestra Mínima - Paseo de las Artes 2024,2024,,,,,,,,
EXHIBICIONES,2024,3240,Museo de Arte Contemporaneo Beato Angélico - AADAE 2024,2024,,,,,,,,
EXHIBICIONES,2024,3250,Camara de Diputados y de Senadores La Plata - AADAE,2024,,,,,,,,
EXHIBICIONES,2024,3260,Casa de la Cultura Berisso - AADAE 2024,2024,,,,,,,,
EXHIBICIONES,2024,3270,Cámara de Senadores La Plata - AADAE,2024,,,,,,,,
EXHIBICIONES,2024,3280,Casa del Chaco - Bienal 2024 - AADAE,2024,,,,,,,,
EXHIBICIONES,2024,3290,Expoarte Museo Rómulo Raggio 2024,2024,,,,,,,,
EXHIBICIONES,2024,3310,LXIV Salon de Otoño San Fernando,2024,,,,,,,,
EXHIBICIONES,2024,3320,Casa Tierra del Fuego - AADAEn,2024,,,,,,,,
EXHIBICIONES,2024,3330,Muestra Las Capitales en Caedral La Plata AADAE,2024,,,,,,,,
EXHIBICIONES,2024,3340,SAAP Premio Bigatti Escultura 2024,2024,,,,,,,,
EXHIBICIONES,2024,3360,Casa de Santa Fe,2024,,,,,,,,
EXHIBICIONES,2024,3370,Muestra Sassone AADAE 2024,2024,,,,,,,,
EXHIBICIONES,2025,3380,Circulo Bellas Artes San Miguel - Conexion Natural 2025,2025,,,,,,,,
EXHIBICIONES,2025,3390,El taller de Pujia - AADAE,2025,,,,,,,,
EXHIBICIONES,2025,3400,Salon Leon Gallardo - Invitado especial - Un paseo por el 1900,2025,,,,,,,,
EXHIBICIONES,2025,3410,El taller de Pujia II- AADAE,2025,,,,,,,,
EXHIBICIONES,2025,3420,XVI Salon Artvilo- Museo del Raggio - Mencion,2025,,,,,,,,
EXHIBICIONES,2025,3430,Mas Alla de los esquemas - Museo Catedral - AADAE,2025,,,,,,,,
EXHIBICIONES,2025,3440,Saap 90 Salón de Otoño - 1er Premio,2025,,,"1er. Premio por mi escultura ""Esperanza a la Deriva""",,,,,